{"stat.useItem.jjskill.bottle_skill_exp":31,"stat.walkOneCm":23843,"stat.pickup.minecraft.iron_sword":3,"stat.drop.jjskill.justice_sword":6,"stat.useItem.jjskill.justice_sword":15,"stat.jump":34,"stat.climbOneCm":409,"stat.pickup.minecraft.iron_ingot":1,"stat.fallOneCm":209,"stat.pickup.jjskill.justice_sword":11,"stat.pickup.minecraft.gunpowder":2,"stat.crouchOneCm":298,"stat.sprintOneCm":1807,"stat.useItem.minecraft.stone_slab2":15,"stat.pickup.jjskill.murderer_s_dagger":1,"stat.mobKills":1,"stat.flyOneCm":36905,"stat.drop":6,"stat.playOneMinute":31443,"stat.sneakTime":171,"stat.damageDealt":846,"stat.timeSinceDeath":31443,"stat.useItem.minecraft.spawn_egg":4}